{
    "feat01": {
        "mean": 14.029616228070175,
        "std": 3.538213681618313
    },
    "feat02": {
        "mean": 19.264978070175435,
        "std": 4.3406567588809795
    },
    "feat03": {
        "mean": 91.32649122807018,
        "std": 24.406533442798228
    },
    "feat04": {
        "mean": 646.5758771929824,
        "std": 354.40486891282825
    },
    "feat05": {
        "mean": 0.09676675438596492,
        "std": 0.014414253369913706
    },
    "feat06": {
        "mean": 0.10465070175438597,
        "std": 0.051854598345916714
    },
    "feat07": {
        "mean": 0.08866692478070173,
        "std": 0.07917114832754278
    },
    "feat08": {
        "mean": 0.048846322368421055,
        "std": 0.03897911253506325
    },
    "feat09": {
        "mean": 0.1813217105263158,
        "std": 0.027040769181862972
    },
    "feat10": {
        "mean": 0.06298603070175438,
        "std": 0.007037092918067579
    },
    "feat11": {
        "mean": 0.408328947368421,
        "std": 0.29064928685860725
    },
    "feat12": {
        "mean": 1.2238250000000002,
        "std": 0.5669156642804937
    },
    "feat13": {
        "mean": 2.882051535087719,
        "std": 2.112306943447921
    },
    "feat14": {
        "mean": 40.53125219298246,
        "std": 47.78174224533881
    },
    "feat15": {
        "mean": 0.0070778706140350875,
        "std": 0.0030695622257820017
    },
    "feat16": {
        "mean": 0.02561831798245614,
        "std": 0.01763632865366212
    },
    "feat17": {
        "mean": 0.032249481578947366,
        "std": 0.031431551176126546
    },
    "feat18": {
        "mean": 0.011823247807017543,
        "std": 0.006312694184065441
    },
    "feat19": {
        "mean": 0.020559293859649122,
        "std": 0.007922300166406441
    },
    "feat20": {
        "mean": 0.003794844736842105,
        "std": 0.0024664966479583587
    },
    "feat21": {
        "mean": 16.141986842105265,
        "std": 4.797928810451043
    },
    "feat22": {
        "mean": 25.60256578947368,
        "std": 6.113276220612675
    },
    "feat23": {
        "mean": 106.37947368421052,
        "std": 33.42073894112359
    },
    "feat24": {
        "mean": 866.4690789473684,
        "std": 563.285638418361
    },
    "feat25": {
        "mean": 0.13282418859649123,
        "std": 0.02312656117687301
    },
    "feat26": {
        "mean": 0.253939451754386,
        "std": 0.15381629628266424
    },
    "feat27": {
        "mean": 0.2700014144736842,
        "std": 0.2039385633375446
    },
    "feat28": {
        "mean": 0.11398818421052631,
        "std": 0.06507196812660032
    },
    "feat29": {
        "mean": 0.2896304824561403,
        "std": 0.06055786563903764
    },
    "feat30": {
        "mean": 0.08421616228070175,
        "std": 0.01771264964163897
    }
}