{
    "mean": {
        "feat01": 14.029616228070175,
        "feat02": 19.264978070175435,
        "feat03": 91.32649122807018,
        "feat04": 646.5758771929824,
        "feat05": 0.09676675438596492,
        "feat06": 0.10465070175438597,
        "feat07": 0.08866692478070173,
        "feat08": 0.048846322368421055,
        "feat09": 0.1813217105263158,
        "feat10": 0.06298603070175438,
        "feat11": 0.408328947368421,
        "feat12": 1.2238250000000002,
        "feat13": 2.882051535087719,
        "feat14": 40.53125219298246,
        "feat15": 0.0070778706140350875,
        "feat16": 0.02561831798245614,
        "feat17": 0.032249481578947366,
        "feat18": 0.011823247807017543,
        "feat19": 0.020559293859649122,
        "feat20": 0.003794844736842105,
        "feat21": 16.141986842105265,
        "feat22": 25.60256578947368,
        "feat23": 106.37947368421052,
        "feat24": 866.4690789473684,
        "feat25": 0.13282418859649123,
        "feat26": 0.253939451754386,
        "feat27": 0.2700014144736842,
        "feat28": 0.11398818421052631,
        "feat29": 0.2896304824561403,
        "feat30": 0.08421616228070175
    },
    "std": {
        "feat01": 3.538213681618313,
        "feat02": 4.3406567588809795,
        "feat03": 24.406533442798228,
        "feat04": 354.40486891282825,
        "feat05": 0.014414253369913706,
        "feat06": 0.051854598345916714,
        "feat07": 0.07917114832754278,
        "feat08": 0.03897911253506325,
        "feat09": 0.027040769181862972,
        "feat10": 0.007037092918067579,
        "feat11": 0.29064928685860725,
        "feat12": 0.5669156642804937,
        "feat13": 2.112306943447921,
        "feat14": 47.78174224533881,
        "feat15": 0.0030695622257820017,
        "feat16": 0.01763632865366212,
        "feat17": 0.031431551176126546,
        "feat18": 0.006312694184065441,
        "feat19": 0.007922300166406441,
        "feat20": 0.0024664966479583587,
        "feat21": 4.797928810451043,
        "feat22": 6.113276220612675,
        "feat23": 33.42073894112359,
        "feat24": 563.285638418361,
        "feat25": 0.02312656117687301,
        "feat26": 0.15381629628266424,
        "feat27": 0.2039385633375446,
        "feat28": 0.06507196812660032,
        "feat29": 0.06055786563903764,
        "feat30": 0.01771264964163897
    }
}